{
    "Precision@10": 0.0011764705882352942,
    "Recall@10": 0.0029411764705882353,
    "F1@10": 0.0016806722689075633,
    "MRR@10": 0.0058823529411764705
}