{
    "Precision@10": 0.015294117647058826,
    "Recall@10": 0.09950980392156863,
    "F1@10": 0.025577037341743224,
    "MRR@10": 0.06215686274509804
}