{
    "Precision@10": 0.027058823529411767,
    "Recall@10": 0.15588235294117647,
    "F1@10": 0.04385940856529091,
    "MRR@10": 0.13717086834733894
}