{
    "Precision@10": 0.0011764705882352942,
    "Recall@10": 0.0058823529411764705,
    "F1@10": 0.0019607843137254906,
    "MRR@10": 0.00392156862745098
}