{
    "Precision@10": 0.0023529411764705885,
    "Recall@10": 0.01764705882352941,
    "F1@10": 0.00409982174688057,
    "MRR@10": 0.01764705882352941
}